message;image_path
a ingeniería de software abarca un amplio abanico de campos de la informática y la ciencia de la computación. Esta tecnología cumple ahora dos funciones: es el producto, pero también sirve como vehículo que a su vez lo transporta. Sirve de base de control para el producto como motor, como un sistema operativo o un sistema de gestión de redes.;C:\Users\Usuario\Downloads\Pruebas_aut_tucan\videoprueba.mp4
Incluso una aplicación simple puede estar sujeta a una gran cantidad y variedad de pruebas. Un plan de gestión de pruebas ayuda a priorizar qué tipos de pruebas proporcionan el mayor valor, dado el tiempo y los recursos disponibles. La efectividad de las pruebas se optimiza ejecutando la menor cantidad de pruebas para encontrar la mayor cantidad de defectos.;C:\Users\Usuario\Downloads\Pruebas_aut_tucan\videoprueba2.mp4
Las pruebas de software llegaron junto con el desarrollo de software, que tuvo sus inicios justo después de la segunda guerra mundial. Al informático Tom Kilburn se le atribuye la escritura de la primera pieza de software, que debutó el 21 de junio de 1948 en la Universidad de Manchester en Inglaterra. Realizó cálculos matemáticos utilizando instrucciones de código de máquina.;C:\Users\Usuario\Downloads\Pruebas_aut_tucan\videoprueba3.mp4
La depuración era el principal método de prueba en ese momento y lo siguió siendo durante las siguientes dos décadas. En la década de 1980, los equipos de desarrollo miraban más allá de aislar y corregir errores de software para probar aplicaciones en entornos del mundo real. Estableció el escenario para una visión más amplia de las pruebas, que abarcaba un proceso de control de calidad que formaba parte del ciclo de vida del desarrollo de software.;C:\Users\Usuario\Downloads\Pruebas_aut_tucan\videoprueba4.mp4
"""En la década de 1990, hubo una transición de las pruebas a un proceso más completo llamado garantía de calidad, que cubre todo el ciclo de desarrollo de software y afecta los procesos de planificación, diseño, creación y ejecución de casos de prueba, soporte para casos de prueba existentes y entornos de pruebas"", dice Alexander Yaroshko en su publicación en el sitio para desarrolladores de uTest.";C:\Users\Usuario\Downloads\Pruebas_aut_tucan\videoprueba5.mp4
Tradicionalmente, las pruebas de software se han separado del resto del desarrollo. A menudo se lleva a cabo más adelante en el ciclo de vida del desarrollo de software después de la etapa de creación o ejecución del producto. Es posible que un tester solo tenga una pequeña ventana para probar el código, a veces justo antes de que la aplicación salga al mercado. Si se encuentran defectos, puede haber poco tiempo para volver a codificar o volver a probar. No es raro lanzar el software a tiempo, pero con errores y correcciones necesarias. O un equipo de pruebas puede corregir errores pero perder una fecha de lanzamiento.;C:\Users\Usuario\Downloads\Pruebas_aut_tucan\videoprueba6.mp4
Muchos equipos de desarrollo ahora usan una metodología conocida como prueba continua. Es parte de un enfoque de DevOps, donde el desarrollo y las operaciones colaboran durante todo el ciclo de vida del producto. El objetivo es acelerar la entrega de software mientras se equilibran los costos, la calidad y el riesgo. Con esta técnica de prueba, los equipos no necesitan esperar a que se cree el software antes de que comience la prueba. Pueden ejecutar pruebas mucho antes en el ciclo para descubrir defectos antes, cuando resultan más fáciles de corregir.;C:\Users\Usuario\Downloads\Pruebas_aut_tucan\videoprueba7.mp4
Las pruebas pueden llevar mucho tiempo. Las pruebas manuales o bajo demanda pueden ser suficientes para compilaciones pequeñas. Sin embargo, para sistemas más grandes, las herramientas se utilizan con frecuencia para automatizar tareas. Las pruebas automatizadas ayudan a los equipos a implementar diferentes escenarios, probar diferenciadores (como mover componentes a un entorno de nube) y obtener comentarios rápidamente sobre lo que funciona y lo que no.;C:\Users\Usuario\Downloads\Pruebas_aut_tucan\videoprueba8.mp4
Cuando el desarrollo deja un amplio espacio para las pruebas, mejora la confiabilidad del software y las aplicaciones de alta calidad se entregan con pocos errores. Un sistema que cumple o incluso supera las expectativas del cliente genera potencialmente más ventas y una mayor cuota de mercado. Las pruebas de software siguen un proceso común. Las tareas o pasos incluyen la definición del entorno de prueba, el desarrollo de casos de prueba, la escritura de guiones, el análisis de los resultados de la prueba y el envío de informes de defectos.;C:\Users\Usuario\Downloads\Pruebas_aut_tucan\videoprueba9.mp4
Las pruebas de software son una parte integral del ciclo de vida del desarrollo de software (SDLC). Las pruebas son la forma en que puede estar seguro acerca de la funcionalidad, el rendimiento y la experiencia del usuario. Ya sea que realice sus pruebas manualmente o a través de la automatización, cuanto antes y más a menudo pueda llevar a cabo pruebas, más probable es que identifique errores y errores, no sólo ahorrándole a usted y a su equipo de posibles simulacros de incendio más adelante, sino también asegurándose de que su aplicación de software haya sido revisada y auditada a fondo antes de que esté frente a sus usuarios. Si los problemas se arrastran al entorno de producción, los más caros y lentos que van a solucionar.;C:\Users\Usuario\Downloads\Pruebas_aut_tucan\videoprueba10.mp4
