name,username,email,password
registro01,registrosoft1,registro01@software.com,registrosel1231
registro02,registrosoft2,registro02@software.com,registrosel1232
registro03,registrosoft3,registro03@software.com,registrosel1233
registro04,registrosoft4,registro04@software.com,registrosel1234
registro05,registrosoft5,registro05@software.com,registrosel1235
registro06,registrosoft6,registro06@software.com,registrosel1236
registro07,registrosoft7,registro07@software.com,registrosel1237
registro08,registrosoft8,registro08@software.com,registrosel1238
registro09,registrosoft9,registro09@software.com,registrosel1239
registro10,registrosoft10,registro10@software.com,registrosel1240